Id,Name,TaxClass,OptionBits,MainMenuLevel,SubMenuLevel,PrintingOptionBits,PrintGroup,PrivilegeGroup,SalesItemizer,DiscountItemizer,ServiceChargeItemizer,HighAmountLockout,MainLevelDefault,SubLevelDefault,CondimentOrderType,DefaultMasterGroup,CountEntry,CountDisplay,PricingCalculator,KDSOrDiningCourse,PrintClass,NextPanel,NextPage,CondimentPrefixType,KdsHighlightScheme,MaximumRefillCount,RefillDescriptor,CondimentOrderPopup,CondimentEditPopup,ServiceChargeGroup,MemberOfCondiments,RequiredCondiments,AllowedCondiments,ObjectNumber,HierarchyId,GINumber
3942,Kids Choice of Drink,1,"000000110001000001000000011000000000010000001000000000000000000000000000000000000000000000000000	",,,"00000000	",3,0,1,1,1,0,FALSE,FALSE,,,,,,1,103,,,,,0,,,,,"0000000000000000000000000000000000000000000000000000000000000000000000000000000000000000000000000000000000000000000000000000000000000000000000000000000000000000000000000000000000000000000000000000000000000000000000000000000000000000000000000000000000000000	","0000000000000000000000000100000000000000000000000000000000000000000000000000000000000000000000000000000000000000000000000000000000000000000000000000000000000000000000000000000000000000000000000000000000000000000000000000000000000000000000000000000000000000	","0000000000000000000000000000000000000000000000000000000000000000000000000000000000000000000000000000000000000000000000000000000000000000000000000000000000000000000000000000000000000000000000000000000000000000000000000000000000000000000000000000000000000000	",1618,448,
3930,Fried Avocado Tacos,1,"000000110001000001000000011000000000010000001000000000000000000000000000000000000000000000000000	",,,"00000000	",3,0,1,1,1,0,FALSE,FALSE,,,,,,1,103,,,,,0,,,,,"0000000000000000000000000000000000000000000000000000000000000000000000000000000000000000000000000000000000000000000000000000000000000000000000000000000000000000000000000000000000000000000000000000000000000000000000000000000000000000000000000000000000000000	","0000000010000000000000000000000000001000000000000000000000000000000000000000000000000000000000000000000000000000000000000000000000000000000000000000000000000000000000000000000000000000000000000000000000000000000000000000000000000000000000000000000000000000	","0000000000000000000000000000000000000000000000000000000000000000000000000000000000000000000000000000000000000000000000000000000000000000000000000000000000000000000000000000000000000000000000000000000000000000000000000000000000000000000000000000000000000000	",1606,448,
3929,Tex-Mex Breakfast Tacos,1,"000000110001000001000000011000000000010000001000000000000000000000000000000000000000000000000000	",,,"00000000	",3,0,1,1,1,0,FALSE,FALSE,,,,,,1,103,,,,,0,,,,,"0000000000000000000000000000000000000000000000000000000000000000000000000000000000000000000000000000000000000000000000000000000000000000000000000000000000000000000000000000000000000000000000000000000000000000000000000000000000000000000000000000000000000000	","0000000011000000000000000000000000001000000000000000000000000000000000000000000000000000000000000000000000000000000000000000000000000000000000000000000000000000000000000000000000000000000000000000000000000000000000000000000000000000000000000000000000000000	","0000000000000000000000000000000000000000000000000000000000000000000000000000000000000000000000000000000000000000000000000000000000000000000000000000000000000000000000000000000000000000000000000000000000000000000000000000000000000000000000000000000000000000	",1605,448,
3940,Kids Pancake,1,"000000110001000001000000011000000000010000001000000000000000000000000000000000000000000000000000	",,,"00000000	",3,0,1,1,1,0,FALSE,FALSE,,,,,,1,103,,,,,0,,,,,"0000000000000000000000000000000000000000000000000000000000000000000000000000000000000000000000000000000000000000000000000000000000000000000000000000000000000000000000000000000000000000000000000000000000000000000000000000000000000000000000000000000000000000	","0000000000000000000000001100000000000000000000000000000000000000000000000000000000000000000000000000000000000000000000000000000000000000000000000000000000000000000000000000000000000000000000000000000000000000000000000000000000000000000000000000000000000000	","0000000000000000000000000000000000000000000000000000000000000000000000000000000000000000000000000000000000000000000000000000000000000000000000000000000000000000000000000000000000000000000000000000000000000000000000000000000000000000000000000000000000000000	",1616,448,
3947,Quesadilla,1,"000000110001000001000000011000000000010000001000000000000000000000000000000000000000000000000000	",,,"00000000	",3,0,1,1,1,0,FALSE,FALSE,,,,,,1,103,,,,,0,,,,,"0000000000000000000000000000000000000000000000000000000000000000000000000000000000000000000000000000000000000000000000000000000000000000000000000000000000000000000000000000000000000000000000000000000000000000000000000000000000000000000000000000000000000000	","0000000000000000000000000000000000000100000000010000000000000000000000000000000000000000000000000000000000000000000000000000000000000000000000000000000000000000000000000000000000000000000000000000000000000000000000000000000000000000000000000000000000000000	","0000000000000000000000000000000000000000000000000000000000000000000000000000000000000000000000000000000000000000000000000000000000000000000000000000000000000000000000000000000000000000000000000000000000000000000000000000000000000000000000000000000000000000	",1623,448,
3926,Fajita Peppers & Onion Omelette,1,"000000110001000001000000011000000000010000001000000000000000000000000000000000000000000000000000	",,,"00000000	",3,0,1,1,1,0,FALSE,FALSE,,,,,,1,103,,,,,0,,,,,"0000000000000000000000000000000000000000000000000000000000000000000000000000000000000000000000000000000000000000000000000000000000000000000000000000000000000000000000000000000000000000000000000000000000000000000000000000000000000000000000000000000000000000	","0001001000000000000001000000000000000000000000000000000000000000000000000000000000000000000000000000000000000000000000000000000000000000000000000000000000000000000000000000000000000000000000000000000000000000000000000000000000000000000000000000000000000000	","0000000000000000000000000000000000000000000000000000000000000000000000000000000000000000000000000000000000000000000000000000000000000000000000000000000000000000000000000000000000000000000000000000000000000000000000000000000000000000000000000000000000000000	",1602,448,
3931,Huevos Rancheros,1,"000000110001000001000000011000000000010000001000000000000000000000000000000000000000000000000000	",,,"00000000	",3,0,1,1,1,0,FALSE,FALSE,,,,,,1,103,,,,,0,,,,,"0000000000000000000000000000000000000000000000000000000000000000000000000000000000000000000000000000000000000000000000000000000000000000000000000000000000000000000000000000000000000000000000000000000000000000000000000000000000000000000000000000000000000000	","0000000100000000000000100000000000000000000000000000000000000000000000000000000000000000000000000000000000000000000000000000000000000000000000000000000000000000000000000000000000000000000000000000000000000000000000000000000000000000000000000000000000000000	","0000000000000000000000000000000000000000000000000000000000000000000000000000000000000000000000000000000000000000000000000000000000000000000000000000000000000000000000000000000000000000000000000000000000000000000000000000000000000000000000000000000000000000	",1607,448,
3933,Carnitas Hash & Eggs,1,"000000110001000001000000011000000000010000001000000000000000000000000000000000000000000000000000	",,,"00000000	",3,0,1,1,1,0,FALSE,FALSE,,,,,,1,103,,,,,0,,,,,"0000000000000000000000000000000000000000000000000000000000000000000000000000000000000000000000000000000000000000000000000000000000000000000000000000000000000000000000000000000000000000000000000000000000000000000000000000000000000000000000000000000000000000	","0000000000000010000000100000000000000000000000000000000000000000000000000000000000000000000000000000000000000000000000000000000000000000000000000000000000000000000000000000000000000000000000000000000000000000000000000000000000000000000000000000000000000000	","0000000000000000000000000000000000000000000000000000000000000000000000000000000000000000000000000000000000000000000000000000000000000000000000000000000000000000000000000000000000000000000000000000000000000000000000000000000000000000000000000000000000000000	",1609,448,
3941,Kids Cheeseburger & Fries,1,"000000110001000001000000011000000000010000001000000000000000000000000000000000000000000000000000	",,,"00000000	",3,0,1,1,1,0,FALSE,FALSE,,,,,,1,103,,,,,0,,,,,"0000000000000000000000000000000000000000000000000000000000000000000000000000000000000000000000000000000000000000000000000000000000000000000000000000000000000000000000000000000000000000000000000000000000000000000000000000000000000000000000000000000000000000	","0000000000000000000000010100000000000000000000000000000000000000000000000000000000000000000000000000000000000000000000000000000000000000000000000000000000000000000000000000000000000000000000000000000000000000000000000000000000000000000000000000000000000000	","0000000000000000000000000000000000000000000000000000000000000000000000000000000000000000000000000000000000000000000000000000000000000000000000000000000000000000000000000000000000000000000000000000000000000000000000000000000000000000000000000000000000000000	",1617,448,
3944,Enchiladas,1,"000000110001000001000000011000000000010000001000000000000000000000000000000000000000000000000000	",,,"00000000	",3,0,1,1,1,0,FALSE,FALSE,,,,,,1,103,,,,,0,,,,,"0000000000000000000000000000000000000000000000000000000000000000000000000000000000000000000000000000000000000000000000000000000000000000000000000000000000000000000000000000000000000000000000000000000000000000000000000000000000000000000000000000000000000000	","0000000000000000000000000000010110000000000000010000000000000000000000000000000000000000000000000000000000000000000000000000000000000000000000000000000000000000000000000000000000000000000000000000000000000000000000000000000000000000000000000000000000000000	","0000000000000000000000000000000000000000000000000000000000000000000000000000000000000000000000000000000000000000000000000000000000000000000000000000000000000000000000000000000000000000000000000000000000000000000000000000000000000000000000000000000000000000	",1620,448,
3952,Grilled Steak Sandwich,1,"000000110001000001000000011000000000010000001000000000000000000000000000000000000000000000000000	",,,"00000000	",3,0,1,1,1,0,FALSE,FALSE,,,,,,1,103,,,,,0,,,,,"0000000000000000000000000000000000000000000000000000000000000000000000000000000000000000000000000000000000000000000000000000000000000000000000000000000000000000000000000000000000000000000000000000000000000000000000000000000000000000000000000000000000000000	","0000000000000000000000000000000000000000000000110000000000000000000000000000000000000000000000000000000000000000000000000000000000000000000000000000000000000000000000000000000000000000000000000000000000000000000000000000000000000000000000000000000000000000	","0000000000000000000000000000000000000000000000000000000000000000000000000000000000000000000000000000000000000000000000000000000000000000000000000000000000000000000000000000000000000000000000000000000000000000000000000000000000000000000000000000000000000000	",1629,448,
3956,Shrimp & Avocado Salad,1,"000000110001000001000000011000000000010000001000000000000000000000000000000000000000000000000000	",,,"00000000	",3,0,1,1,1,0,FALSE,FALSE,,,,,,1,106,,,,,0,,,,,"0000000000000000000000000000000000000000000000000000000000000000000000000000000000000000000000000000000000000000000000000000000000000000000000000000000000000000000000000000000000000000000000000000000000000000000000000000000000000000000000000000000000000000	","0000000000000000000000000000000000000000000000000000010101000000000000000000000000000000000000000000000000000000000000000000000000000000000000000000000000000000000000000000000000000000000000000000000000000000000000000000000000000000000000000000000000000000	","0000000000000000000000000000000000000000000000000000000000000000000000000000000000000000000000000000000000000000000000000000000000000000000000000000000000000000000000000000000000000000000000000000000000000000000000000000000000000000000000000000000000000000	",1633,448,
3958,NY Strip,1,"000000110001000001000000011000000000010000001000000000000000000000000000000000000000000000000000	",,,"00000000	",3,0,1,1,1,0,FALSE,FALSE,,,,,,1,103,,,,,0,,,,,"0000000000000000000000000000000000000000000000000000000000000000000000000000000000000000000000000000000000000000000000000000000000000000000000000000000000000000000000000000000000000000000000000000000000000000000000000000000000000000000000000000000000000000	","0100000000000000000000000000000000000000000000000000000000000000000000000000000000000000000000000000000000000000000000000000000000000000000000000000000000000000000000000000000000000000000000000000000000000000000000000000000000000000000000000000000000000000	","0000000000000000000000000000000000000000000000000000000000000000000000000000000000000000000000000000000000000000000000000000000000000000000000000000000000000000000000000000000000000000000000000000000000000000000000000000000000000000000000000000000000000000	",1635,448,
3943,Fajita,1,"000000110001000001000000011000000000010000001000000000000000000000000000000000000000000000000000	",,,"00000000	",3,0,1,1,1,0,FALSE,FALSE,,,,,,1,103,,,,,0,,,,,"0000000000000000000000000000000000000000000000000000000000000000000000000000000000000000000000000000000000000000000000000000000000000000000000000000000000000000000000000000000000000000000000000000000000000000000000000000000000000000000000000000000000000000	","0000000000000000000000000000011100000000000000011000000000000000000000000000000000000000000000000000000000000000000000000000000000000000000000000000000000000000000000000000000000000000000000000000000000000000000000000000000000000000000000000000000000000000	","0000000000000000000000000000000000000000000000000000000000000000000000000000000000000000000000000000000000000000000000000000000000000000000000000000000000000000000000000000000000000000000000000000000000000000000000000000000000000000000000000000000000000000	",1619,448,
3932,Bacon Chipotle Chicken Sandwich,1,"000000110001000001000000011000000000010000001000000000000000000000000000000000000000000000000000	",,,"00000000	",3,0,1,1,1,0,FALSE,FALSE,,,,,,1,103,,,,,0,,,,,"0000000000000000000000000000000000000000000000000000000000000000000000000000000000000000000000000000000000000000000000000000000000000000000000000000000000000000000000000000000000000000000000000000000000000000000000000000000000000000000000000000000000000000	","0000000000000100000000000000000000000000000000010000000000000000000000000000000000000000000000000000000000000000000000000000000000000000000000000000000000000000000000000000000000000000000000000000000000000000000000000000000000000000000000000000000000000000	","0000000000000000000000000000000000000000000000000000000000000000000000000000000000000000000000000000000000000000000000000000000000000000000000000000000000000000000000000000000000000000000000000000000000000000000000000000000000000000000000000000000000000000	",1608,448,
3948,Chicken Fajita Quesadilla,1,"000000110001000001000000011000000000010000001000000000000000000000000000000000000000000000000000	",,,"00000000	",3,0,1,1,1,0,FALSE,FALSE,,,,,,1,103,,,,,0,,,,,"0000000000000000000000000000000000000000000000000000000000000000000000000000000000000000000000000000000000000000000000000000000000000000000000000000000000000000000000000000000000000000000000000000000000000000000000000000000000000000000000000000000000000000	","0000000000000000000000000000000000000001000000010000000000000000000000000000000000000000000000000000000000000000000000000000000000000000000000000000000000000000000000000000000000000000000000000000000000000000000000000000000000000000000000000000000000000000	","0000000000000000000000000000000000000000000000000000000000000000000000000000000000000000000000000000000000000000000000000000000000000000000000000000000000000000000000000000000000000000000000000000000000000000000000000000000000000000000000000000000000000000	",1624,448,
3928,Breakfast Tacos,1,"000000110001000001000000011000000000010000001000000000000000000000000000000000000000000000000000	",,,"00000000	",3,0,1,1,1,0,FALSE,FALSE,,,,,,1,103,,,,,0,,,,,"0000000000000000000000000000000000000000000000000000000000000000000000000000000000000000000000000000000000000000000000000000000000000000000000000000000000000000000000000000000000000000000000000000000000000000000000000000000000000000000000000000000000000000	","0000000001000000000000010000000000001000000000000000000000000000000000000000000000000000000000000000000000000000000000000000000000000000000000000000000000000000000000000000000000000000000000000000000000000000000000000000000000000000000000000000000000000000	","0000000000000000000000000000000000000000000000000000000000000000000000000000000000000000000000000000000000000000000000000000000000000000000000000000000000000000000000000000000000000000000000000000000000000000000000000000000000000000000000000000000000000000	",1604,448,
3936,Breakfast Flautas,1,"000000110001000001000000011000000000010000001000000000000000000000000000000000000000000000000000	",,,"00000000	",3,0,1,1,1,0,FALSE,FALSE,,,,,,1,103,,,,,0,,,,,"0000000000000000000000000000000000000000000000000000000000000000000000000000000000000000000000000000000000000000000000000000000000000000000000000000000000000000000000000000000000000000000000000000000000000000000000000000000000000000000000000000000000000000	","0000000000000000010000000000000000000000000000000000000000000000000000000000000000000000000000000000000000000000000000000000000000000000000000000000000000000000000000000000000000000000000000000000000000000000000000000000000000000000000000000000000000000000	","0000000000000000000000000000000000000000000000000000000000000000000000000000000000000000000000000000000000000000000000000000000000000000000000000000000000000000000000000000000000000000000000000000000000000000000000000000000000000000000000000000000000000000	",1612,448,
3939,Chorizo Breakfast Burrito,1,"000000110001000001000000011000000000010000001000000000000000000000000000000000000000000000000000	",,,"00000000	",3,0,1,1,1,0,FALSE,FALSE,,,,,,1,103,,,,,0,,,,,"0000000000000000000000000000000000000000000000000000000000000000000000000000000000000000000000000000000000000000000000000000000000000000000000000000000000000000000000000000000000000000000000000000000000000000000000000000000000000000000000000000000000000000	","0000000000000001000000000000000000000000000000000000000000000000000000000000000000000000000000000000000000000000000000000000000000000000000000000000000000000000000000000000000000000000000000000000000000000000000000000000000000000000000000000000000000000000	","0000000000000000000000000000000000000000000000000000000000000000000000000000000000000000000000000000000000000000000000000000000000000000000000000000000000000000000000000000000000000000000000000000000000000000000000000000000000000000000000000000000000000000	",1615,448,
3954,Nachos Grandes,1,"000000110001000001000000011000000000010000001000000000000000000000000000000000000000000000000000	",,,"00000000	",3,0,1,1,1,0,FALSE,FALSE,,,,,,1,103,,,,,0,,,,,"0000000000000000000000000000000000000000000000000000000000000000000000000000000000000000000000000000000000000000000000000000000000000000000000000000000000000000000000000000000000000000000000000000000000000000000000000000000000000000000000000000000000000000	","0000000000000000000000000000000000000000000000000011000000000000000000000000000000000000000000000000000000000000000000000000000000000000000000000000000000000000000000000000000000000000000000000000000000000000000000000000000000000000000000000000000000000000	","0000000000000000000000000000000000000000000000000000000000000000000000000000000000000000000000000000000000000000000000000000000000000000000000000000000000000000000000000000000000000000000000000000000000000000000000000000000000000000000000000000000000000000	",1631,448,
3951,Tex-Mex Burger,1,"000000110001000001000000011000000000010000001000000000000000000000000000000000000000000000000000	",,,"00000000	",3,0,1,1,1,0,FALSE,FALSE,,,,,,1,103,,,,,0,,,,,"0000000000000000000000000000000000000000000000000000000000000000000000000000000000000000000000000000000000000000000000000000000000000000000000000000000000000000000000000000000000000000000000000000000000000000000000000000000000000000000000000000000000000000	","0000000000000000000000000000000000000000000010010000000000000000000000000000000000000000000000000000000000000000000000000000000000000000000000000000000000000000000000000000000000000000000000000000000000000000000000000000000000000000000000000000000000000000	","0000000000000000000000000000000000000000000000000000000000000000000000000000000000000000000000000000000000000000000000000000000000000000000000000000000000000000000000000000000000000000000000000000000000000000000000000000000000000000000000000000000000000000	",1627,448,
3961,Migas,1,"000000110001000001000000011000000000010000001000000000000000000000000000000000000000000000000000	",,,"00000000	",3,0,1,1,1,0,FALSE,FALSE,,,,,,1,103,,,,,0,,,,,"0000000000000000000000000000000000000000000000000000000000000000000000000000000000000000000000000000000000000000000000000000000000000000000000000000000000000000000000000000000000000000000000000000000000000000000000000000000000000000000000000000000000000000	","0000000000000000000000000000000000000000000000000000000000010000000000000000000000000000000000000000000000000000000000000000000000000000000000000000000000000000000000000000000000000000000000000000000000000000000000000000000000000000000000000000000000000000	","0000000000000000000000000000000000000000000000000000000000000000000000000000000000000000000000000000000000000000000000000000000000000000000000000000000000000000000000000000000000000000000000000000000000000000000000000000000000000000000000000000000000000000	",1638,448,
3957,Caesar Salad,1,"000000110001000001000000011000000000010000001000000000000000000000000000000000000000000000000000	",,,"00000000	",3,0,1,1,1,0,FALSE,FALSE,,,,,,1,106,,,,,0,,,,,"0000000000000000000000000000000000000000000000000000000000000000000000000000000000000000000000000000000000000000000000000000000000000000000000000000000000000000000000000000000000000000000000000000000000000000000000000000000000000000000000000000000000000000	","0000000000000000000000000000000000000000000000000000000010000000000000000000000000000000000000000000000000000000000000000000000000000000000000000000000000000000000000000000000000000000000000000000000000000000000000000000000000000000000000000000000000000000	","0000000000000000000000000000000000000000000000000000000000000000000000000000000000000000000000000000000000000000000000000000000000000000000000000000000000000000000000000000000000000000000000000000000000000000000000000000000000000000000000000000000000000000	",1634,448,
3937,Breakfast Quesadilla,1,"000000110001000001000000011000000000010000001000000000000000000000000000000000000000000000000000	",,,"00000000	",3,0,1,1,1,0,FALSE,FALSE,,,,,,1,103,,,,,0,,,,,"0000000000000000000000000000000000000000000000000000000000000000000000000000000000000000000000000000000000000000000000000000000000000000000000000000000000000000000000000000000000000000000000000000000000000000000000000000000000000000000000000000000000000000	","0000000000000000001000000000000000000000000000000000000000000000000000000000000000000000000000000000000000000000000000000000000000000000000000000000000000000000000000000000000000000000000000000000000000000000000000000000000000000000000000000000000000000000	","0000000000000000000000000000000000000000000000000000000000000000000000000000000000000000000000000000000000000000000000000000000000000000000000000000000000000000000000000000000000000000000000000000000000000000000000000000000000000000000000000000000000000000	",1613,448,
3950,El Gringo Burger,1,"000000110001000001000000011000000000010000001000000000000000000000000000000000000000000000000000	",,,"00000000	",3,0,1,1,1,0,FALSE,FALSE,,,,,,1,103,,,,,0,,,,,"0000000000000000000000000000000000000000000000000000000000000000000000000000000000000000000000000000000000000000000000000000000000000000000000000000000000000000000000000000000000000000000000000000000000000000000000000000000000000000000000000000000000000000	","0000000000000000000000000000000000000000000100010000000000000000000000000000000000000000000000000000000000000000000000000000000000000000000000000000000000000000000000000000000000000000000000000000000000000000000000000000000000000000000000000000000000000000	","0000000000000000000000000000000000000000000000000000000000000000000000000000000000000000000000000000000000000000000000000000000000000000000000000000000000000000000000000000000000000000000000000000000000000000000000000000000000000000000000000000000000000000	",1626,448,
3934,"Bacon, Egg & Cheese Sandwich",1,"000000110001000001000000011000000000010000001000000000000000000000000000000000000000000000000000	",,,"00000000	",3,0,1,1,1,0,FALSE,FALSE,,,,,,1,103,,,,,0,,,,,"0000000000000000000000000000000000000000000000000000000000000000000000000000000000000000000000000000000000000000000000000000000000000000000000000000000000000000000000000000000000000000000000000000000000000000000000000000000000000000000000000000000000000000	","0000000000000000000010000000000000000000000000000000000000000000000000000000000000000000000000000000000000000000000000000000000000000000000000000000000000000000000000000000000000000000000000000000000000000000000000000000000000000000000000000000000000000000	","0000000000000000000000000000000000000000000000000000000000000000000000000000000000000000000000000000000000000000000000000000000000000000000000000000000000000000000000000000000000000000000000000000000000000000000000000000000000000000000000000000000000000000	",1610,448,
3945,Short Rib Tacos,1,"000000110001000001000000011000000000010000001000000000000000000000000000000000000000000000000000	",,,"00000000	",3,0,1,1,1,0,FALSE,FALSE,,,,,,1,103,,,,,0,,,,,"0000000000000000000000000000000000000000000000000000000000000000000000000000000000000000000000000000000000000000000000000000000000000000000000000000000000000000000000000000000000000000000000000000000000000000000000000000000000000000000000000000000000000000	","0000000000000000000000000000000001001000000000010000000000000000000000000000000000000000000000000000000000000000000000000000000000000000000000000000000000000000000000000000000000000000000000000000000000000000000000000000000000000000000000000000000000000000	","0000000000000000000000000000000000000000000000000000000000000000000000000000000000000000000000000000000000000000000000000000000000000000000000000000000000000000000000000000000000000000000000000000000000000000000000000000000000000000000000000000000000000000	",1621,448,
3959,Grilled Premio Ribeye,1,"000000110001000001000000011000000000010000001000000000000000000000000000000000000000000000000000	",,,"00000000	",3,0,1,1,1,0,FALSE,FALSE,,,,,,1,103,,,,,0,,,,,"0000000000000000000000000000000000000000000000000000000000000000000000000000000000000000000000000000000000000000000000000000000000000000000000000000000000000000000000000000000000000000000000000000000000000000000000000000000000000000000000000000000000000000	","0100000000000000000000000000000000000000000000010000000000000000000000000000000000000000000000000000000000000000000000000000000000000000000000000000000000000000000000000000000000000000000000000000000000000000000000000000000000000000000000000000000000000000	","0000000000000000000000000000000000000000000000000000000000000000000000000000000000000000000000000000000000000000000000000000000000000000000000000000000000000000000000000000000000000000000000000000000000000000000000000000000000000000000000000000000000000000	",1636,448,
3949,Shrimp & Bacon Quesadilla,1,"000000110001000001000000011000000000010000001000000000000000000000000000000000000000000000000000	",,,"00000000	",3,0,1,1,1,0,FALSE,FALSE,,,,,,1,103,,,,,0,,,,,"0000000000000000000000000000000000000000000000000000000000000000000000000000000000000000000000000000000000000000000000000000000000000000000000000000000000000000000000000000000000000000000000000000000000000000000000000000000000000000000000000000000000000000	","0000000000000000000000000000000000000000010000010000000000000000000000000000000000000000000000000000000000000000000000000000000000000000000000000000000000000000000000000000000000000000000000000000000000000000000000000000000000000000000000000000000000000000	","0000000000000000000000000000000000000000000000000000000000000000000000000000000000000000000000000000000000000000000000000000000000000000000000000000000000000000000000000000000000000000000000000000000000000000000000000000000000000000000000000000000000000000	",1625,448,
3962,Queso Completo,1,"000000110001000001000000011000000000010000001000000000000000000000000000000000000000000000000000	",,,"00000000	",3,0,1,1,1,0,FALSE,FALSE,,,,,,1,103,,,,,0,,,,,"0000000000000000000000000000000000000000000000000000000000000000000000000000000000000000000000000000000000000000000000000000000000000000000000000000000000000000000000000000000000000000000000000000000000000000000000000000000000000000000000000000000000000000	","0000000000000000000000000000000000000000000000000000000000001000000000000000000000000000000000000000000000000000000000000000000000000000000000000000000000000000000000000000000000000000000000000000000000000000000000000000000000000000000000000000000000000000	","0000000000000000000000000000000000000000000000000000000000000000000000000000000000000000000000000000000000000000000000000000000000000000000000000000000000000000000000000000000000000000000000000000000000000000000000000000000000000000000000000000000000000000	",1639,448,
3935,Breakfast Chilaquiles,1,"000000110001000001000000011000000000010000001000000000000000000000000000000000000000000000000000	",,,"00000000	",3,0,1,1,1,0,FALSE,FALSE,,,,,,1,103,,,,,0,,,,,"0000000000000000000000000000000000000000000000000000000000000000000000000000000000000000000000000000000000000000000000000000000000000000000000000000000000000000000000000000000000000000000000000000000000000000000000000000000000000000000000000000000000000000	","0000000000000000100000000000000000000000000000000000000000000000000000000000000000000000000000000000000000000000000000000000000000000000000000000000000000000000000000000000000000000000000000000000000000000000000000000000000000000000000000000000000000000000	","0000000000000000000000000000000000000000000000000000000000000000000000000000000000000000000000000000000000000000000000000000000000000000000000000000000000000000000000000000000000000000000000000000000000000000000000000000000000000000000000000000000000000000	",1611,448,
3946,Tacos,1,"000000110001000001000000011000000000010000001000000000000000000000000000000000000000000000000000	",,,"00000000	",3,0,1,1,1,0,FALSE,FALSE,,,,,,1,103,,,,,0,,,,,"0000000000000000000000000000000000000000000000000000000000000000000000000000000000000000000000000000000000000000000000000000000000000000000000000000000000000000000000000000000000000000000000000000000000000000000000000000000000000000000000000000000000000000	","0000000000000000000000000000000000101000000000010000000000000000000000000000000000000000000000000000000000000000000000000000000000000000000000000000000000000000000000000000000000000000000000000000000000000000000000000000000000000000000000000000000000000000	","0000000000000000000000000000000000000000000000000000000000000000000000000000000000000000000000000000000000000000000000000000000000000000000000000000000000000000000000000000000000000000000000000000000000000000000000000000000000000000000000000000000000000000	",1622,448,
3955,Chopped Salad,1,"000000110001000001000000011000000000010000001000000000000000000000000000000000000000000000000000	",,,"00000000	",3,0,1,1,1,0,FALSE,FALSE,,,,,,1,106,,,,,0,,,,,"0000000000000000000000000000000000000000000000000000000000000000000000000000000000000000000000000000000000000000000000000000000000000000000000000000000000000000000000000000000000000000000000000000000000000000000000000000000000000000000000000000000000000000	","0000000000000000000000000000000000000000000000000000011001000000000000000000000000000000000000000000000000000000000000000000000000000000000000000000000000000000000000000000000000000000000000000000000000000000000000000000000000000000000000000000000000000000	","0000000000000000000000000000000000000000000000000000000000000000000000000000000000000000000000000000000000000000000000000000000000000000000000000000000000000000000000000000000000000000000000000000000000000000000000000000000000000000000000000000000000000000	",1632,448,
3960,Steak & Eggs,1,"000000110001000001000000011000000000010000001000000000000000000000000000000000000000000000000000	",,,"00000000	",3,0,1,1,1,0,FALSE,FALSE,,,,,,1,103,,,,,0,,,,,"0000000000000000000000000000000000000000000000000000000000000000000000000000000000000000000000000000000000000000000000000000000000000000000000000000000000000000000000000000000000000000000000000000000000000000000000000000000000000000000000000000000000000000	","0100100000000000000000100000000000000000000000000000000000000000000000000000000000000000000000000000000000000000000000000000000000000000000000000000000000000000000000000000000000000000000000000000000000000000000000000000000000000000000000000000000000000000	","0000000000000000000000000000000000000000000000000000000000000000000000000000000000000000000000000000000000000000000000000000000000000000000000000000000000000000000000000000000000000000000000000000000000000000000000000000000000000000000000000000000000000000	",1637,448,
3927,"Potato, Egg, Cheese & Pico de Gallo Tacos",1,"000000110001000001000000011000000000010000001000000000000000000000000000000000000000000000000000	",,,"00000000	",3,0,1,1,1,0,FALSE,FALSE,,,,,,1,103,,,,,0,,,,,"0000000000000000000000000000000000000000000000000000000000000000000000000000000000000000000000000000000000000000000000000000000000000000000000000000000000000000000000000000000000000000000000000000000000000000000000000000000000000000000000000000000000000000	","0000000001001000000000000000000000001000000000000000000000000000000000000000000000000000000000000000000000000000000000000000000000000000000000000000000000000000000000000000000000000000000000000000000000000000000000000000000000000000000000000000000000000000	","0000000000000000000000000000000000000000000000000000000000000000000000000000000000000000000000000000000000000000000000000000000000000000000000000000000000000000000000000000000000000000000000000000000000000000000000000000000000000000000000000000000000000000	",1603,448,
3938,El Grande Breakfast Burger,1,"000000110001000001000000011000000000010000001000000000000000000000000000000000000000000000000000	",,,"00000000	",3,0,1,1,1,0,FALSE,FALSE,,,,,,1,103,,,,,0,,,,,"0000000000000000000000000000000000000000000000000000000000000000000000000000000000000000000000000000000000000000000000000000000000000000000000000000000000000000000000000000000000000000000000000000000000000000000000000000000000000000000000000000000000000000	","0000000000000000000100000000000000000000000000000000000000000000000000000000000000000000000000000000000000000000000000000000000000000000000000000000000000000000000000000000000000000000000000000000000000000000000000000000000000000000000000000000000000000000	","0000000000000000000000000000000000000000000000000000000000000000000000000000000000000000000000000000000000000000000000000000000000000000000000000000000000000000000000000000000000000000000000000000000000000000000000000000000000000000000000000000000000000000	",1614,448,
3953,Loaded Papas Fritas,1,"000000110001000001000000011000000000010000001000000000000000000000000000000000000000000000000000	",,,"00000000	",3,0,1,1,1,0,FALSE,FALSE,,,,,,1,103,,,,,0,,,,,"0000000000000000000000000000000000000000000000000000000000000000000000000000000000000000000000000000000000000000000000000000000000000000000000000000000000000000000000000000000000000000000000000000000000000000000000000000000000000000000000000000000000000000	","0000000000000000000000000000000000000000000000000110000000000000000000000000000000000000000000000000000000000000000000000000000000000000000000000000000000000000000000000000000000000000000000000000000000000000000000000000000000000000000000000000000000000000	","0000000000000000000000000000000000000000000000000000000000000000000000000000000000000000000000000000000000000000000000000000000000000000000000000000000000000000000000000000000000000000000000000000000000000000000000000000000000000000000000000000000000000000	",1630,448,
3906,Agave-Chipotle Glazed Wings,1,"000000110001000001000000011000000000010000001000000000000000000000000000000000000000000000000000	",,,"00000000	",3,0,1,1,1,0,FALSE,FALSE,,,,,,1,103,,,,,0,,,,,"0000000000000000000000000000000000000000000000000000000000000000000000000000000000000000000000000000000000000000000000000000000000000000000000000000000000000000000000000000000000000000000000000000000000000000000000000000000000000000000000000000000000000000	","0000000000000000000000000000000000000000000000000000000000000001000000000000000000000000000000000000000000000000000000000000000000000000000000000000000000000000000000000000000000000000000000000000000000000000000000000000000000000000000000000000000000000000	","0000000000000000000000000000000000000000000000000000000000000000000000000000000000000000000000000000000000000000000000000000000000000000000000000000000000000000000000000000000000000000000000000000000000000000000000000000000000000000000000000000000000000000	",1642,448,
3908,Dessert Coffee,1,"000000110001000001000000011000000000010000001000000000000000000000000000000000000000000000000000	",,,"00000000	",3,0,1,1,1,0,FALSE,FALSE,,,,,,1,103,,,,,0,,,,,"0000000000000000000000000000000000000000000000000000000000000000000000000000000000000000000000000000000000000000000000000000000000000000000000000000000000000000000000000000000000000000000000000000000000000000000000000000000000000000000000000000000000000000	","0000000000000000000000000000000000000000000000000000000000000000010000000000000000000000000000000000000000000000000000000000000000000000000000000000000000000000000000000000000000000000000000000000000000000000000000000000000000000000000000000000000000000000	","0000000000000000000000000000000000000000000000000000000000000000000000000000000000000000000000000000000000000000000000000000000000000000000000000000000000000000000000000000000000000000000000000000000000000000000000000000000000000000000000000000000000000000	",1644,448,
3907,Yogurt Parfait,1,"000000110001000001000000011000000000010000001000000000000000000000000000000000000000000000000000	",,,"00000000	",3,0,1,1,1,0,FALSE,FALSE,,,,,,1,103,,,,,0,,,,,"0000000000000000000000000000000000000000000000000000000000000000000000000000000000000000000000000000000000000000000000000000000000000000000000000000000000000000000000000000000000000000000000000000000000000000000000000000000000000000000000000000000000000000	","0000000000000000000000000000000000000000000000000000000000000000100000000000000000000000000000000000000000000000000000000000000000000000000000000000000000000000000000000000000000000000000000000000000000000000000000000000000000000000000000000000000000000000	","0000000000000000000000000000000000000000000000000000000000000000000000000000000000000000000000000000000000000000000000000000000000000000000000000000000000000000000000000000000000000000000000000000000000000000000000000000000000000000000000000000000000000000	",1643,448,
3904,Chip Appetizer,1,"000000110001000001000000011000000000010000001000000000000000000000000000000000000000000000000000	",,,"00000000	",3,0,1,1,1,0,FALSE,FALSE,,,,,,1,103,,,,,0,,,,,"0000000000000000000000000000000000000000000000000000000000000000000000000000000000000000000000000000000000000000000000000000000000000000000000000000000000000000000000000000000000000000000000000000000000000000000000000000000000000000000000000000000000000000	","0000000000000000000000000000000000000000000000000000000000000100000000000000000000000000000000000000000000000000000000000000000000000000000000000000000000000000000000000000000000000000000000000000000000000000000000000000000000000000000000000000000000000000	","0000000000000000000000000000000000000000000000000000000000000000000000000000000000000000000000000000000000000000000000000000000000000000000000000000000000000000000000000000000000000000000000000000000000000000000000000000000000000000000000000000000000000000	",1640,448,
3902,Classic Breakfast,1,"000000110001000001000000011000000000010000001000000000000000000000000000000000000000000000000000	",,,"00000000	",3,0,1,1,1,0,FALSE,FALSE,,,,,,1,103,,,,,0,,,,,"0000000000000000000000000000000000000000000000000000000000000000000000000000000000000000000000000000000000000000000000000000000000000000000000000000000000000000000000000000000000000000000000000000000000000000000000000000000000000000000000000000000000000000	","0001110000000000000000100000000000000000000000000000000000000000000000000000000000000000000000000000000000000000000000000000000000000000000000000000000000000000000000000000000000000000000000000000000000000000000000000000000000000000000000000000000000000000	","0000000000000000000000000000000000000000000000000000000000000000000000000000000000000000000000000000000000000000000000000000000000000000000000000000000000000000000000000000000000000000000000000000000000000000000000000000000000000000000000000000000000000000	",1601,448,
3905,Dry Rub Premio Wings,1,"000000110001000001000000011000000000010000001000000000000000000000000000000000000000000000000000	",,,"00000000	",3,0,1,1,1,0,FALSE,FALSE,,,,,,1,103,,,,,0,,,,,"0000000000000000000000000000000000000000000000000000000000000000000000000000000000000000000000000000000000000000000000000000000000000000000000000000000000000000000000000000000000000000000000000000000000000000000000000000000000000000000000000000000000000000	","0000000000000000000000000000000000000000000000000000000000000010000000000000000000000000000000000000000000000000000000000000000000000000000000000000000000000000000000000000000000000000000000000000000000000000000000000000000000000000000000000000000000000000	","0000000000000000000000000000000000000000000000000000000000000000000000000000000000000000000000000000000000000000000000000000000000000000000000000000000000000000000000000000000000000000000000000000000000000000000000000000000000000000000000000000000000000000	",1641,448,
3903,Smothered Chicken Burrito,1,"000000110001000001000000011000000000010000001000000000000000000000000000000000000000000000000000	",,,"00000000	",3,0,1,1,1,0,FALSE,FALSE,,,,,,1,103,,,,,0,,,,,"0000000000000000000000000000000000000000000000000000000000000000000000000000000000000000000000000000000000000000000000000000000000000000000000000000000000000000000000000000000000000000000000000000000000000000000000000000000000000000000000000000000000000000	","0000000000000000000000000000000000000000000001010000000000000000000000000000000000000000000000000000000000000000000000000000000000000000000000000000000000000000000000000000000000000000000000000000000000000000000000000000000000000000000000000000000000000000	","0000000000000000000000000000000000000000000000000000000000000000000000000000000000000000000000000000000000000000000000000000000000000000000000000000000000000000000000000000000000000000000000000000000000000000000000000000000000000000000000000000000000000000	",1628,448,
